row_id,stage,mode_or_operator,test,quantity,value,uncertainty_or_range,formula_or_criterion,baseline_or_ablation,result,evidence_class,truth_boundary,promotion_effect,next_gate
V4-0001,ADV-05,Outverse,Forward common-state projection,"x*→(C21*,C22*)","(-0.476181648882,0.672883229686)",,C22=3(1-fL)/2; C21=-3 Cpar sqrt[fL(1-fL)/2],,PASS,EXACT_ALGEBRAIC_TRANSLATION,,Outverse mapping retained as an admissible exact restricted-model transform.,
V4-0002,ADV-05,Inverse,Inverse reconstruction,"(C21*,C22*)→x*",point_residual=5.551115123125782702e-17,,fL=1-2C22/3; Cpar=-C21/[3sqrt(fL(1-fL)/2)],,PASS,NUMERICAL_ROUNDTRIP_PROOF,Only inside the restricted physical domain where the inverse is defined.,Inverse bookkeeping validated for this restricted transform.,
V4-0003,ADV-05,Dualverse,Jacobian round-trip,J^-1J,residual=2.081668171172168513e-17,,||J^-1 J - I||_F,,PASS,NUMERICAL_DIFFERENTIAL_PROOF,,,
V4-0004,ADV-05,Dualverse,Covariance round-trip,Σx→ΣC→Σx,residual=2.775642263565186517e-17,,ΣC=JΣxJ^T; Σx'=J^-1ΣC(J^-1)^T,,PASS,NUMERICAL_COVARIANCE_PROOF,,Orientation/frame re-expression preserves the local covariance object to machine precision.,
V4-0010,ADV-05,Heavy Prune / Ablation,Ablation JOINT_FULL,state / contradiction / local information volume,fL=0.551411180;Cpar=0.451340589;C21=-0.476181649;C22=0.672883230;χ²=2.499909291;area_proxy=0.01971004271690502,σfL=0.063410799;σCpar=0.311324425;corr=0.056278542,Area proxy = sqrt(det(local covariance)); smaller = tighter 2D local state uncertainty.,self,REFERENCE,ABLATION_RESULT,Local Gaussian approximation around the fitted state.,,"Retain components whose removal materially increases uncertainty, contradiction, or physical-state ambiguity."
V4-0011,ADV-05,Heavy Prune / Ablation,Ablation CMS_ONLY,state / contradiction / local information volume,fL=0.529999995;Cpar=0.189999994;C21=-0.201162354;C22=0.705000008;χ²=0.000000000;area_proxy=0.02950451271491152,σfL=0.065000000;σCpar=0.455000000;corr=0.069000000,Area proxy = sqrt(det(local covariance)); smaller = tighter 2D local state uncertainty.,JOINT_FULL,ABLATION_COMPUTED,ABLATION_RESULT,Local Gaussian approximation around the fitted state.,Joint reduces area proxy by 33.197% versus this ablation.,"Retain components whose removal materially increases uncertainty, contradiction, or physical-state ambiguity."
V4-0012,ADV-05,Heavy Prune / Ablation,Ablation ATLAS_ONLY_PHYSICAL,state / contradiction / local information volume,fL=0.891079949;Cpar=1.000000000;C21=-0.660873764;C22=0.163380077;χ²=0.047828277;area_proxy=0.1997355732482303,σfL=0.293333333;σCpar=1.364065604;corr=0.866497275,Area proxy = sqrt(det(local covariance)); smaller = tighter 2D local state uncertainty.,JOINT_FULL,BOUNDARY_ACTIVE,ABLATION_RESULT,Local Gaussian covariance is approximate; active-boundary ATLAS-only covariance is not a full constrained confidence region.,Joint reduces area proxy by 90.132% versus this ablation.,"Retain components whose removal materially increases uncertainty, contradiction, or physical-state ambiguity."
V4-0013,ADV-05,Heavy Prune / Ablation,Ablation ATLAS_ONLY_UNCONSTRAINED,state / contradiction / local information volume,fL=0.946665284;Cpar=1.489527994;C21=-0.709999668;C22=0.080002074;χ²=0.000000000;area_proxy=0.27692646064007087,σfL=0.293333333;σCpar=3.978943228;corr=0.971444749,Area proxy = sqrt(det(local covariance)); smaller = tighter 2D local state uncertainty.,JOINT_FULL,ABLATION_COMPUTED,ABLATION_RESULT,Local Gaussian approximation around the fitted state.,Joint reduces area proxy by 92.883% versus this ablation.,"Retain components whose removal materially increases uncertainty, contradiction, or physical-state ambiguity."
V4-0014,ADV-05,Heavy Prune / Ablation,Ablation REMOVE_ATLAS_C21,state / contradiction / local information volume,fL=0.549501796;Cpar=0.199419360;C21=-0.210477009;C22=0.675747307;χ²=1.923254454;area_proxy=0.028805769354513726,σfL=0.063460631;σCpar=0.454949302;corr=0.067373408,Area proxy = sqrt(det(local covariance)); smaller = tighter 2D local state uncertainty.,JOINT_FULL,ABLATION_COMPUTED,ABLATION_RESULT,Local Gaussian approximation around the fitted state.,Joint reduces area proxy by 31.576% versus this ablation.,"Retain components whose removal materially increases uncertainty, contradiction, or physical-state ambiguity."
V4-0015,ADV-05,Heavy Prune / Ablation,Ablation REMOVE_ATLAS_C22,state / contradiction / local information volume,fL=0.532227981;Cpar=0.446614557;C21=-0.472721225;C22=0.701658028;χ²=0.596134826;area_proxy=0.020149420543971747,σfL=0.064935916;σCpar=0.310743745;corr=0.053602247,Area proxy = sqrt(det(local covariance)); smaller = tighter 2D local state uncertainty.,JOINT_FULL,ABLATION_COMPUTED,ABLATION_RESULT,Local Gaussian approximation around the fitted state.,Joint reduces area proxy by 2.181% versus this ablation.,"Retain components whose removal materially increases uncertainty, contradiction, or physical-state ambiguity."
V4-0016,ADV-05,Heavy Prune / Ablation,Ablation REMOVE_CMS_fL,state / contradiction / local information volume,fL=0.825781368;Cpar=0.465765321;C21=-0.374760013;C22=0.261327948;χ²=1.092155742;area_proxy=0.09514233989180607,σfL=0.269563080;σCpar=0.370668665;corr=0.305479626,Area proxy = sqrt(det(local covariance)); smaller = tighter 2D local state uncertainty.,JOINT_FULL,ABLATION_COMPUTED,ABLATION_RESULT,Local Gaussian approximation around the fitted state.,Joint reduces area proxy by 79.284% versus this ablation.,"Retain components whose removal materially increases uncertainty, contradiction, or physical-state ambiguity."
V4-0017,ADV-05,Heavy Prune / Ablation,Ablation REMOVE_CMS_CPAR,state / contradiction / local information volume,fL=0.549501795;Cpar=0.672699334;C21=-0.709999993;C22=0.675747307;χ²=1.923254454;area_proxy=0.027056994663419532,σfL=0.063460631;σCpar=0.426444188;corr=0.020018058,Area proxy = sqrt(det(local covariance)); smaller = tighter 2D local state uncertainty.,JOINT_FULL,ABLATION_COMPUTED,ABLATION_RESULT,Local Gaussian approximation around the fitted state.,Joint reduces area proxy by 27.154% versus this ablation.,"Retain components whose removal materially increases uncertainty, contradiction, or physical-state ambiguity."
V4-0020,ADV-05,High Father / Γ Admission,Physicality-gate ablation,ATLAS-only constrained-vs-unconstrained state,"unconstrained=(fL=0.946665284,Cpar=1.489527994); physical=(fL=0.891079949,Cpar=1.000000000); Δχ²=0.047828277",,Enforce 0<fL<1 and |Cpar|≤1,,GATE NECESSARY,NEGATIVE_CONTROL,The unconstrained point reproduces noisy ATLAS means but is outside the restricted physical state space.,Physicality remains a hard pre-interpretation gate.,
V4-0021,ADV-05,Heavy Prune,ATLAS C21 contribution,,removal increases area proxy by 46.148%,,,,INFORMATIVE,ABLATION_SUMMARY,,Retain ATLAS C21 in the common-state bridge.,
V4-0022,ADV-05,Heavy Prune,ATLAS C22 contribution,,removal increases area proxy by 2.229%,,,,LOWER_INCREMENTAL_INFORMATION,ABLATION_SUMMARY,Low incremental area change does not mean C22 is dispensable physically; it is partly redundant with precise CMS fL in this approximate joint fit.,,
V4-0023,ADV-05,Heavy Prune,CMS fL contribution,,removal increases area proxy by 382.710%,,,,DOMINANT_PRECISION_ANCHOR,ABLATION_SUMMARY,,Retain CMS fL as a major common-state precision anchor.,
V4-0024,ADV-05,Heavy Prune,CMS C_parallel contribution,,removal increases area proxy by 37.275%,,,,INFORMATIVE,ABLATION_SUMMARY,,,
V4-0030,ADV-05,Reality Admission / Proof Ledger,SM fixed-point comparison,Δχ² relative to best common state,CMS_SM Δχ²=2.850153633; ATLAS_SM-mapped Δχ²=2.369639320,,χ²(fixed SM point)-χ²(best reconstructed point),,SM COMPATIBLE,RETROSPECTIVE_BASELINE_CHECK,Not a new Standard Model test or official combined likelihood.,Keep SM as the primary physical comparator baseline.,
V4-0040,ADV-06,Forecast,Frozen future-state center,"x_forecast=(fL,C_parallel)","(0.551411180209,0.451340588867)","physical-truncated MC 95%: fL=[0.427006153,0.675118533], Cpar=[-0.165071802,0.927786963]",,,FROZEN,PROSPECTIVE_FORECAST_CONTRACT,"Forecast is for the underlying restricted common state, not for a guaranteed future measured central value.",Forecast Mode upgraded from retrospective description to a timestamped prospective test.,
V4-0041,ADV-06,Forecast,Frozen ATLAS-coordinate projection,"(C21,C22)","(-0.476181648882,0.672883229686)","physical-truncated MC 95%: C21=[-0.969909731,0.173402373], C22=[0.487322201,0.859490771]",,,FROZEN,PROSPECTIVE_FORECAST_CONTRACT,,,
V4-0042,ADV-06,Forecast,Frozen entanglement-invariant projection,negativity N,median≈0.528866981067,"physical-truncated MC 95%=[0.238152370091,0.876067421549]; P(N>0)≈1.000000000000",,,FROZEN_APPROXIMATE,PROSPECTIVE_MODEL_INVARIANT,Derived under the restricted common-state model and Gaussian uncertainty approximation; not an official experimental combined interval.,,
V4-0043,ADV-06,Forecast Gates,Future compatibility criterion,D²_future,PASS if D²≤5.991464547108,,D²=(x_new-x*)^T(Σ_new+Σ*)^-1(x_new-x*),,FROZEN,PROSPECTIVE_PASS_FAIL_RULE,Future result must first be transformed into the same restricted basis with its own covariance and assumptions preserved.,,Apply unchanged to the first suitable independent future H→ZZ* spin/entanglement measurement after this freeze.
V4-0044,ADV-06,No-Nothing Truth / Forecast Gates,No-retuning rule,,"No parameter, transform, covariance rule, interval, or pass threshold may be altered after the future target result is inspected.",,,,HARD LOCK,PROSPECTIVE_GOVERNANCE,,Any after-the-fact adjustment demotes the result from predictive to descriptive.,
V4-0050,ADV-07,Evolution,Promotion test after ablation,,"Physicality gate, cross-skin transform, covariance carry, C21, CMS fL, and CMS C_parallel remain retained; early scalar compression remains pruned.",,,,PARTIAL PROMOTION,PROOF_GOVERNANCE_RESULT,"Promotion is within the current restricted benchmark only, not universal physics.",,
V4-0051,ADV-07,Continuance,Canonical next parent,,v4 frozen state + forecast contract,,,,PROMOTED AS NEXT INTERNAL PARENT,CONTINUANCE_STATE,External empirical status remains conditional on future validation.,,Wait for / evaluate a genuinely future independent measurement without modifying v4.